{
  "model_name": "glucose_alarm_cnn_w1.0s_20260314_113546",
  "timestamp": "20260314_113546",
  "model_file": "glucose_alarm_cnn_w1.0s_20260314_113546.pth",
  "audio_params": {
    "sample_rate": 16000,
    "window_length": 1.0,
    "n_mels": 64,
    "n_fft": 1024,
    "hop_length": 256
  },
  "training_params": {
    "batch_size": 32,
    "num_epochs": 20,
    "learning_rate": 0.001,
    "optimizer": "Adam",
    "loss_function": "BCEWithLogitsLoss"
  },
  "dataset_info": {
    "total_samples": 2868,
    "train_samples": 2294,
    "val_samples": 574,
    "train_class_0": 1147,
    "train_class_1": 1147,
    "val_class_0": 287,
    "val_class_1": 287
  },
  "metrics": {
    "accuracy": 0.8484320557491289,
    "precision": 0.8355704697986577,
    "recall": 0.867595818815331,
    "f1_score": 0.8512820512820513,
    "best_val_loss": 0.3262227574984233,
    "best_epoch": 18,
    "final_train_loss": 0.3433562893834379,
    "final_val_loss": 0.3501368678278393,
    "final_val_accuracy": 0.8118466898954704
  },
  "confusion_matrix": {
    "true_negatives": 238,
    "false_positives": 49,
    "false_negatives": 38,
    "true_positives": 249
  },
  "training_history": {
    "train_losses": [
      0.5633422227369415,
      0.46746097546484733,
      0.43837369605898857,
      0.4156322495804893,
      0.4118841698186265,
      0.41272147248188656,
      0.3923284974363115,
      0.39924114300972885,
      0.38760713963872856,
      0.37983247161739403,
      0.37211531814601684,
      0.36740241365300286,
      0.36094343062076306,
      0.35527228253583115,
      0.35722426552739406,
      0.3488164399233129,
      0.33989295591082835,
      0.3467795540475183,
      0.3421481032338407,
      0.3433562893834379
    ],
    "val_losses": [
      0.554739933874872,
      0.4304366326994366,
      0.3997578140762117,
      0.4963213793105549,
      0.3823436564869351,
      0.4046682169040044,
      0.5071216192510393,
      0.3864826146099303,
      0.48552455835872227,
      0.3664347214831246,
      0.4313342869281769,
      0.35157060457600486,
      0.3587580786810981,
      0.4037468400266435,
      0.38894853327009415,
      0.3906931545999315,
      0.4055756893422868,
      0.3262227574984233,
      0.35778308577007717,
      0.3501368678278393
    ],
    "val_accuracies": [
      0.7212543554006968,
      0.7909407665505227,
      0.794425087108014,
      0.7456445993031359,
      0.8048780487804879,
      0.8013937282229965,
      0.7090592334494773,
      0.8013937282229965,
      0.7630662020905923,
      0.8118466898954704,
      0.7682926829268293,
      0.837979094076655,
      0.8310104529616724,
      0.7979094076655052,
      0.7979094076655052,
      0.8170731707317073,
      0.7717770034843205,
      0.8484320557491289,
      0.8222996515679443,
      0.8118466898954704
    ]
  },
  "system_info": {
    "device": "cpu",
    "platform": "macOS-15.7.4-arm64-arm-64bit",
    "python_version": "3.9.6",
    "pytorch_version": "2.5.1"
  }
}