{
  "model_name": "glucose_alarm_cnn_w1.5s_20260316_125405",
  "timestamp": "20260316_125405",
  "model_file": "glucose_alarm_cnn_w1.5s_20260316_125405.pth",
  "audio_params": {
    "sample_rate": 16000,
    "window_length": 1.5,
    "n_mels": 64,
    "n_fft": 1024,
    "hop_length": 256
  },
  "training_params": {
    "batch_size": 32,
    "num_epochs": 40,
    "learning_rate": 0.001,
    "optimizer": "Adam",
    "loss_function": "BCEWithLogitsLoss"
  },
  "dataset_info": {
    "dataset_path": "datasets/dataset_w1.5s_h0.25s_20260314",
    "dataset_name": "dataset_w1.5s_h0.25s_20260314",
    "total_samples": 3575,
    "train_samples": 2860,
    "val_samples": 715,
    "train_class_0": 1629,
    "train_class_1": 1231,
    "val_class_0": 407,
    "val_class_1": 308
  },
  "metrics": {
    "accuracy": 0.9832167832167832,
    "precision": 0.9966442953020134,
    "recall": 0.9642857142857143,
    "f1_score": 0.9801980198019802,
    "best_val_loss": 0.058025335326142936,
    "best_epoch": 8,
    "final_train_loss": 0.09708269266411662,
    "final_val_loss": 0.058025335326142936,
    "final_val_accuracy": 0.9832167832167832
  },
  "confusion_matrix": {
    "true_negatives": 406,
    "false_positives": 1,
    "false_negatives": 11,
    "true_positives": 297
  },
  "training_history": {
    "train_losses": [
      0.3188634384009573,
      0.18627068392104573,
      0.13208681042823528,
      0.12497267245004574,
      0.12154848381049103,
      0.11168321739468309,
      0.0972289288830426,
      0.09708269266411662
    ],
    "val_losses": [
      0.15629897039869559,
      0.1366961433187775,
      0.0863563486415407,
      0.31495715321406076,
      0.09401068010407945,
      0.1375414878939805,
      0.07874652808127196,
      0.058025335326142936
    ],
    "val_accuracies": [
      0.9608391608391609,
      0.9692307692307692,
      0.9818181818181818,
      0.8475524475524475,
      0.972027972027972,
      0.9538461538461539,
      0.9748251748251748,
      0.9832167832167832
    ]
  },
  "system_info": {
    "device": "cpu",
    "platform": "macOS-15.7.4-arm64-arm-64bit",
    "python_version": "3.9.6",
    "pytorch_version": "2.5.1"
  }
}