{
  "model_name": "glucose_alarm_cnn_w1.5s_20260315_132646_continued",
  "timestamp": "20260315_132646",
  "model_file": "glucose_alarm_cnn_w1.5s_20260315_132646_continued.pth",
  "audio_params": {
    "sample_rate": 16000,
    "window_length": 1.5,
    "n_mels": 64,
    "n_fft": 1024,
    "hop_length": 256
  },
  "training_params": {
    "batch_size": 32,
    "num_epochs": 40,
    "learning_rate": 0.001,
    "optimizer": "Adam",
    "loss_function": "BCEWithLogitsLoss"
  },
  "dataset_info": {
    "dataset_path": "datasets/dataset_w1.5s_h0.25s_20260314",
    "dataset_name": "dataset_w1.5s_h0.25s_20260314",
    "total_samples": 2860,
    "train_samples": 2288,
    "val_samples": 572,
    "train_class_0": 1144,
    "train_class_1": 1144,
    "val_class_0": 286,
    "val_class_1": 286
  },
  "metrics": {
    "accuracy": 0.9807692307692307,
    "precision": 0.9824561403508771,
    "recall": 0.9790209790209791,
    "f1_score": 0.9807355516637478,
    "best_val_loss": 0.08128631528880861,
    "best_epoch": 39,
    "final_train_loss": 0.05514746227870799,
    "final_val_loss": 0.11107179129289256,
    "final_val_accuracy": 0.9562937062937062
  },
  "confusion_matrix": {
    "true_negatives": 281,
    "false_positives": 5,
    "false_negatives": 6,
    "true_positives": 280
  },
  "training_history": {
    "train_losses": [
      0.20335551185740364,
      0.18982619254125488,
      0.19965902457220686,
      0.1690960886577765,
      0.1615802876961728,
      0.1863630336916281,
      0.15698054096558028,
      0.16808556030607885,
      0.18107346165925264,
      0.1612603686646455,
      0.15138253999046153,
      0.15090010656664768,
      0.14186108003680906,
      0.12745852292411858,
      0.14462762734749252,
      0.1565558776880304,
      0.13903694418776366,
      0.13215474696415994,
      0.1464796585755216,
      0.11732879384524292,
      0.12615553765661186,
      0.10286275726846522,
      0.09426943031657073,
      0.08932825791028638,
      0.08393681972908477,
      0.08306664970910384,
      0.09367946113666727,
      0.07627009685772161,
      0.08856525057409373,
      0.09852856270865434,
      0.08838708525420064,
      0.08481295523233712,
      0.0669034054606325,
      0.08036051025717622,
      0.07936674401086445,
      0.06279474536940041,
      0.05740262548594425,
      0.06437751936674532,
      0.05926894101624688,
      0.05514746227870799
    ],
    "val_losses": [
      0.7108265591992272,
      0.8248899579048157,
      0.20312925345367855,
      0.17651837484704125,
      0.26753072978721726,
      0.5296194420920478,
      0.26559869365559685,
      0.29504336333937115,
      0.1736808671719498,
      0.21384490322735575,
      0.15292645266486538,
      0.21201523517568907,
      0.19450934417545795,
      0.18731336750917965,
      0.1484040669682953,
      0.47350212103790706,
      0.47782942404349643,
      0.19953232258558273,
      0.15152225519220033,
      0.1712088104751375,
      0.1697670573161708,
      0.11571873062186772,
      0.15860336936182445,
      0.14563876700898012,
      0.18077824637293816,
      0.15392503307925332,
      0.09730817336175177,
      0.09651958704408672,
      0.11078168213781384,
      0.5002554837200377,
      0.3413969650864601,
      0.10728641951249705,
      0.1169715720332331,
      0.37165385401911205,
      0.10376592094285621,
      0.11486098604897658,
      0.08581853068123262,
      0.09916402689284748,
      0.08128631528880861,
      0.11107179129289256
    ],
    "val_accuracies": [
      0.7832167832167832,
      0.7552447552447552,
      0.916083916083916,
      0.9353146853146853,
      0.8706293706293706,
      0.8321678321678322,
      0.8933566433566433,
      0.8688811188811189,
      0.9300699300699301,
      0.9195804195804196,
      0.9318181818181818,
      0.8828671328671329,
      0.9125874125874126,
      0.9178321678321678,
      0.9475524475524476,
      0.784965034965035,
      0.8356643356643356,
      0.9178321678321678,
      0.9440559440559441,
      0.9318181818181818,
      0.9283216783216783,
      0.9615384615384616,
      0.9300699300699301,
      0.9388111888111889,
      0.9195804195804196,
      0.9230769230769231,
      0.9772727272727273,
      0.9685314685314685,
      0.9615384615384616,
      0.8601398601398601,
      0.8461538461538461,
      0.9737762237762237,
      0.9597902097902098,
      0.8723776223776224,
      0.9615384615384616,
      0.9597902097902098,
      0.9790209790209791,
      0.9667832167832168,
      0.9807692307692307,
      0.9562937062937062
    ]
  },
  "system_info": {
    "device": "cpu",
    "platform": "macOS-15.7.4-arm64-arm-64bit",
    "python_version": "3.9.6",
    "pytorch_version": "2.5.1"
  }
}