{
  "model_name": "glucose_alarm_cnn_w1.5s_20260315_081301",
  "timestamp": "20260315_081301",
  "model_file": "glucose_alarm_cnn_w1.5s_20260315_081301.pth",
  "audio_params": {
    "sample_rate": 16000,
    "window_length": 1.5,
    "n_mels": 64,
    "n_fft": 1024,
    "hop_length": 256
  },
  "training_params": {
    "batch_size": 32,
    "num_epochs": 20,
    "learning_rate": 0.001,
    "optimizer": "Adam",
    "loss_function": "BCEWithLogitsLoss"
  },
  "dataset_info": {
    "dataset_path": "datasets/dataset_w1.5s_h0.25s_20260314",
    "dataset_name": "dataset_w1.5s_h0.25s_20260314",
    "total_samples": 2860,
    "train_samples": 2288,
    "val_samples": 572,
    "train_class_0": 1144,
    "train_class_1": 1144,
    "val_class_0": 286,
    "val_class_1": 286
  },
  "metrics": {
    "accuracy": 0.8881118881118881,
    "precision": 0.8936170212765957,
    "recall": 0.8811188811188811,
    "f1_score": 0.8873239436619719,
    "best_val_loss": 0.2693069709671868,
    "best_epoch": 17,
    "final_train_loss": 0.29739395239286953,
    "final_val_loss": 0.2878703408771091,
    "final_val_accuracy": 0.8793706293706294
  },
  "confusion_matrix": {
    "true_negatives": 256,
    "false_positives": 30,
    "false_negatives": 34,
    "true_positives": 252
  },
  "training_history": {
    "train_losses": [
      0.5187092344794009,
      0.41702660773363376,
      0.39608573396172786,
      0.3897224695732196,
      0.3633003801935249,
      0.3491700997369157,
      0.3422750739587678,
      0.33317137675152886,
      0.3520964663475752,
      0.3284119731850094,
      0.3384528085589409,
      0.31781391820145977,
      0.316416895430949,
      0.30258939415216446,
      0.30541780177089906,
      0.3100482564833429,
      0.2932752367729942,
      0.30493250944548184,
      0.2865267832660013,
      0.29739395239286953
    ],
    "val_losses": [
      0.5002214262882868,
      0.38187384025918114,
      0.43590714865260655,
      0.4571405491895146,
      0.378029416832659,
      0.8075671328438653,
      0.3509605932566855,
      0.34088149335649276,
      0.8689810964796278,
      0.3683237060904503,
      0.4049011891086896,
      0.3118036505248811,
      0.3619382166200214,
      0.2907818365428183,
      0.3400971558358934,
      0.28097236073679394,
      0.2693069709671868,
      0.29791710442966884,
      0.27708448635207283,
      0.2878703408771091
    ],
    "val_accuracies": [
      0.7867132867132867,
      0.8321678321678322,
      0.8164335664335665,
      0.8269230769230769,
      0.8321678321678322,
      0.6101398601398601,
      0.8146853146853147,
      0.8216783216783217,
      0.6066433566433567,
      0.8479020979020979,
      0.8374125874125874,
      0.8583916083916084,
      0.8444055944055944,
      0.8688811188811189,
      0.8618881118881119,
      0.8793706293706294,
      0.8881118881118881,
      0.8426573426573427,
      0.8793706293706294,
      0.8793706293706294
    ]
  },
  "system_info": {
    "device": "cpu",
    "platform": "macOS-15.7.4-arm64-arm-64bit",
    "python_version": "3.9.6",
    "pytorch_version": "2.5.1"
  }
}