{
  "model_name": "glucose_alarm_cnn_w1.5s_20260315_085134",
  "timestamp": "20260315_085134",
  "model_file": "glucose_alarm_cnn_w1.5s_20260315_085134.pth",
  "audio_params": {
    "sample_rate": 16000,
    "window_length": 1.5,
    "n_mels": 64,
    "n_fft": 1024,
    "hop_length": 256
  },
  "training_params": {
    "batch_size": 32,
    "num_epochs": 40,
    "learning_rate": 0.0001,
    "optimizer": "Adam",
    "loss_function": "BCEWithLogitsLoss"
  },
  "dataset_info": {
    "dataset_path": "datasets/dataset_w1.5s_h0.25s_20260314",
    "dataset_name": "dataset_w1.5s_h0.25s_20260314",
    "total_samples": 2860,
    "train_samples": 2288,
    "val_samples": 572,
    "train_class_0": 1144,
    "train_class_1": 1144,
    "val_class_0": 286,
    "val_class_1": 286
  },
  "metrics": {
    "accuracy": 0.8653846153846154,
    "precision": 0.856655290102389,
    "recall": 0.8776223776223776,
    "f1_score": 0.8670120898100173,
    "best_val_loss": 0.3026917990711,
    "best_epoch": 37,
    "final_train_loss": 0.3107141779942645,
    "final_val_loss": 0.3121874158581098,
    "final_val_accuracy": 0.8618881118881119
  },
  "confusion_matrix": {
    "true_negatives": 244,
    "false_positives": 42,
    "false_negatives": 35,
    "true_positives": 251
  },
  "training_history": {
    "train_losses": [
      0.626880616777473,
      0.5507326970497767,
      0.5085116566883193,
      0.46416515815589166,
      0.43760910381873447,
      0.4249878517455525,
      0.4324348163273599,
      0.4151991684403684,
      0.38920692996018463,
      0.3886518097586102,
      0.3899977157513301,
      0.38316481270723873,
      0.3704859310140212,
      0.3743055011663172,
      0.3617690406325791,
      0.36077995639708305,
      0.3537014110220803,
      0.360922073531482,
      0.3595922024299701,
      0.3442161997987164,
      0.35236023738980293,
      0.34655663929879665,
      0.34340028050873017,
      0.33379153576162124,
      0.33511126848558587,
      0.33529377977053326,
      0.33430988279481727,
      0.3266956973820925,
      0.33806184699965847,
      0.33140314142737126,
      0.32297025476064944,
      0.32351425828205216,
      0.32166294463806683,
      0.32565658456749386,
      0.31672696500188774,
      0.31021332637303406,
      0.304924296008216,
      0.3159264607561959,
      0.3153966555578841,
      0.3107141779942645
    ],
    "val_losses": [
      0.5722540434863832,
      0.5403502765629027,
      0.47897390524546307,
      0.45067160162660813,
      0.45766889055569965,
      0.45168209903770024,
      0.3979481127527025,
      0.3946577136715253,
      0.44590112566947937,
      0.39098283814059365,
      0.38477883074018693,
      0.37137915276818806,
      0.3719075678123368,
      0.3674411301811536,
      0.3729151851601071,
      0.3687887415289879,
      0.37095508724451065,
      0.3469603939188851,
      0.34471166961722904,
      0.3534107589059406,
      0.3392108405629794,
      0.38772688143783146,
      0.3354751442869504,
      0.37658050159613293,
      0.33249800983402467,
      0.33995303842756486,
      0.3552836428085963,
      0.32836102694272995,
      0.3310612183478143,
      0.3322439168890317,
      0.34060638315147823,
      0.3256044023566776,
      0.41592717005146873,
      0.314025921954049,
      0.31349225756194854,
      0.3343749584423171,
      0.3026917990711,
      0.33099563668171567,
      0.33632904373937184,
      0.3121874158581098
    ],
    "val_accuracies": [
      0.736013986013986,
      0.6905594405594405,
      0.75,
      0.7657342657342657,
      0.7447552447552448,
      0.7534965034965035,
      0.8269230769230769,
      0.8076923076923077,
      0.798951048951049,
      0.8024475524475524,
      0.8251748251748252,
      0.8286713286713286,
      0.8216783216783217,
      0.8234265734265734,
      0.8164335664335665,
      0.8286713286713286,
      0.8479020979020979,
      0.8496503496503497,
      0.8426573426573427,
      0.8286713286713286,
      0.8461538461538461,
      0.8286713286713286,
      0.8601398601398601,
      0.8199300699300699,
      0.8444055944055944,
      0.8356643356643356,
      0.8496503496503497,
      0.8391608391608392,
      0.8409090909090909,
      0.8479020979020979,
      0.8391608391608392,
      0.8496503496503497,
      0.8181818181818182,
      0.8653846153846154,
      0.8513986013986014,
      0.8513986013986014,
      0.8653846153846154,
      0.8566433566433567,
      0.8356643356643356,
      0.8618881118881119
    ]
  },
  "system_info": {
    "device": "cpu",
    "platform": "macOS-15.7.4-arm64-arm-64bit",
    "python_version": "3.9.6",
    "pytorch_version": "2.5.1"
  }
}