{
  "model_name": "glucose_alarm_cnn_w1.5s_20260315_092736",
  "timestamp": "20260315_092736",
  "model_file": "glucose_alarm_cnn_w1.5s_20260315_092736.pth",
  "audio_params": {
    "sample_rate": 16000,
    "window_length": 1.5,
    "n_mels": 64,
    "n_fft": 1024,
    "hop_length": 256
  },
  "training_params": {
    "batch_size": 32,
    "num_epochs": 40,
    "learning_rate": 0.001,
    "optimizer": "Adam",
    "loss_function": "BCEWithLogitsLoss"
  },
  "dataset_info": {
    "dataset_path": "datasets/dataset_w1.5s_h0.25s_20260314",
    "dataset_name": "dataset_w1.5s_h0.25s_20260314",
    "total_samples": 2860,
    "train_samples": 2288,
    "val_samples": 572,
    "train_class_0": 1144,
    "train_class_1": 1144,
    "val_class_0": 286,
    "val_class_1": 286
  },
  "metrics": {
    "accuracy": 0.9178321678321678,
    "precision": 0.9442379182156134,
    "recall": 0.8881118881118881,
    "f1_score": 0.9153153153153153,
    "best_val_loss": 0.1933654360473156,
    "best_epoch": 40,
    "final_train_loss": 0.20665992041014963,
    "final_val_loss": 0.1933654360473156,
    "final_val_accuracy": 0.9178321678321678
  },
  "confusion_matrix": {
    "true_negatives": 271,
    "false_positives": 15,
    "false_negatives": 32,
    "true_positives": 254
  },
  "training_history": {
    "train_losses": [
      0.5508003218306435,
      0.42036476814084583,
      0.39332586175037754,
      0.3791377093229029,
      0.3691752615074317,
      0.3556098025292158,
      0.35541913534204167,
      0.3509189391301738,
      0.34120297576818204,
      0.3371286979979939,
      0.34636994844509494,
      0.31472516287532115,
      0.3243835831267966,
      0.3066892594926887,
      0.31048757231069934,
      0.3017085320833657,
      0.3086596416930358,
      0.28368921598626506,
      0.2899731604589356,
      0.27484910045233035,
      0.28338954349358875,
      0.2834612178719706,
      0.2758027807705932,
      0.25137508526030516,
      0.25895664064834517,
      0.2700902629229758,
      0.2636483989449011,
      0.24634359414792723,
      0.24859097631027302,
      0.23951390157971117,
      0.2314097218008505,
      0.2345533183672362,
      0.24809045448071426,
      0.21739492151472303,
      0.22148383564005295,
      0.2179357245978382,
      0.224291879683733,
      0.20591499459826285,
      0.2092090000708898,
      0.20665992041014963
    ],
    "val_losses": [
      0.45180556509229874,
      0.5579705867502425,
      0.421044271853235,
      0.3699577806724442,
      0.36300307512283325,
      0.3481413299838702,
      0.34401274306906593,
      0.3385561803976695,
      0.5874426994058821,
      0.38210050844483906,
      0.3204656367500623,
      0.3792979096372922,
      0.3138906459013621,
      0.3000784267981847,
      0.29051557845539516,
      0.3076179110341602,
      0.3247140447298686,
      0.270316062702073,
      0.3058558056751887,
      0.34860413521528244,
      0.27010994487338597,
      0.30295639236768085,
      0.27147406505213845,
      0.48815685510635376,
      0.5910787483056387,
      0.27738068501154584,
      0.2741086896922853,
      0.2837398929728402,
      0.3030272159311507,
      0.28363969922065735,
      0.28395873142613304,
      0.2704111072752211,
      0.2886906853980488,
      0.23783311496178308,
      0.22613743568460146,
      0.24822828049461046,
      0.28194183690680397,
      0.21852290216419432,
      0.5081372227933671,
      0.1933654360473156
    ],
    "val_accuracies": [
      0.7797202797202797,
      0.7307692307692307,
      0.8041958041958042,
      0.8094405594405595,
      0.8234265734265734,
      0.8409090909090909,
      0.8583916083916084,
      0.8496503496503497,
      0.6993006993006993,
      0.777972027972028,
      0.8618881118881119,
      0.8094405594405595,
      0.8548951048951049,
      0.8758741258741258,
      0.8828671328671329,
      0.8513986013986014,
      0.8461538461538461,
      0.9003496503496503,
      0.8531468531468531,
      0.8444055944055944,
      0.8688811188811189,
      0.8461538461538461,
      0.8986013986013986,
      0.8234265734265734,
      0.798951048951049,
      0.8496503496503497,
      0.8653846153846154,
      0.8793706293706294,
      0.8793706293706294,
      0.8618881118881119,
      0.8566433566433567,
      0.8601398601398601,
      0.8636363636363636,
      0.9003496503496503,
      0.8951048951048951,
      0.8916083916083916,
      0.8531468531468531,
      0.9125874125874126,
      0.7377622377622378,
      0.9178321678321678
    ]
  },
  "system_info": {
    "device": "cpu",
    "platform": "macOS-15.7.4-arm64-arm-64bit",
    "python_version": "3.9.6",
    "pytorch_version": "2.5.1"
  }
}